,Day0,Day0,Day0,Day1,Day1,Day1,Day2,Day2,Day2,Day4,Day4,Day4,Day8,Day8,Day8
LipidIon,Day0_1,Day0_2,Day0_3,Day1_1,Day1_2,Day1_3,Day2_1,Day2_2,Day2_3,Day4_1,Day4_2,Day4_3,Day8_1,Day8_2,Day8_3
FA(20:4),154933.0735,222125.1328,229839.0534,526909.9816,734991.464,567439.8851,731353.2984,557726.4401,568548.8572,743729.4242,888540.6638,716477.0483,540899.8875,445050.3226,652761.0487
FA(20:5),43027.94231,60020.17169,99912.04252,183459.1159,257254.2398,154812.2228,254975.4225,126846.9404,178299.9562,196238.2009,361290.6184,319889.1501,84635.01021,50669.48941,98218.36429
FA(22:6),365145.77,512514.2161,481081.7548,927647.0596,948738.7692,1303251.753,1010416.165,887062.6532,645867.203,668301.8424,742657.8531,553159.0574,425976.9992,429503.6693,571162.4384
